filename,title,era,source,url,fetched_at,word_count
abu_al-mafakhir_dari_banten.txt,Abu Al-Mafakhir Dari Banten,kerajaan_islam,id.wikipedia.org,https://id.wikipedia.org/wiki/abu_al-mafakhir_dari_banten,2026-08-31T19:18:55,2068
boedi_oetomo.txt,Boedi Oetomo,kolonial,id.wikipedia.org,https://id.wikipedia.org/wiki/boedi_oetomo,2026-08-31T19:18:04,2566
borobudur.txt,Borobudur,hindu_buddha,id.wikipedia.org,https://id.wikipedia.org/wiki/borobudur,2026-08-31T19:16:11,8466
candi_prambanan.txt,Candi Prambanan,hindu_buddha,id.wikipedia.org,https://id.wikipedia.org/wiki/candi_prambanan,2026-08-31T19:10:16,4835
cultuurstelsel.txt,Cultuurstelsel,kolonial,id.wikipedia.org,https://id.wikipedia.org/wiki/cultuurstelsel,2026-08-31T19:17:36,1048
cut_nyak_dhien.txt,Cut Nyak Dhien,kolonial,id.wikipedia.org,https://id.wikipedia.org/wiki/cut_nyak_dhien,2026-08-31T19:12:21,2274
diponegoro.txt,Diponegoro,kolonial,id.wikipedia.org,https://id.wikipedia.org/wiki/diponegoro,2026-08-31T19:17:23,8434
fatahillah.txt,Fatahillah,kolonial,id.wikipedia.org,https://id.wikipedia.org/wiki/fatahillah,2026-08-31T19:12:01,621
gajah_mada.txt,Gajah Mada,hindu_buddha,id.wikipedia.org,https://id.wikipedia.org/wiki/gajah_mada,2026-08-31T19:09:55,3429
hayam_wuruk.txt,Hayam Wuruk,hindu_buddha,id.wikipedia.org,https://id.wikipedia.org/wiki/hayam_wuruk,2026-08-31T19:09:58,981
homo_floresiensis.txt,Homo Floresiensis,prasejarah,id.wikipedia.org,https://id.wikipedia.org/wiki/homo_floresiensis,2026-08-31T19:08:22,954
jan_pieterszoon_coen.txt,Jan Pieterszoon Coen,kolonial,id.wikipedia.org,https://id.wikipedia.org/wiki/jan_pieterszoon_coen,2026-08-31T19:12:05,1097
kebudayaan_buni.txt,Kebudayaan Buni,prasejarah,id.wikipedia.org,https://id.wikipedia.org/wiki/kebudayaan_buni,2026-08-31T19:08:24,435
ken_arok.txt,Ken Arok,hindu_buddha,id.wikipedia.org,https://id.wikipedia.org/wiki/ken_arok,2026-08-31T19:10:10,2073
kerajaan_kadiri.txt,Kerajaan Kadiri,hindu_buddha,id.wikipedia.org,https://id.wikipedia.org/wiki/kerajaan_kadiri,2026-08-31T19:15:11,5714
kerajaan_kalingga.txt,Kerajaan Kalingga,hindu_buddha,id.wikipedia.org,https://id.wikipedia.org/wiki/kerajaan_kalingga,2026-08-31T19:10:02,720
kerajaan_kutai_martapura.txt,Kerajaan Kutai Martapura,hindu_buddha,id.wikipedia.org,https://id.wikipedia.org/wiki/kerajaan_kutai_martapura,2026-08-31T19:08:28,886
kerajaan_sunda.txt,Kerajaan Sunda,hindu_buddha,id.wikipedia.org,https://id.wikipedia.org/wiki/kerajaan_sunda,2026-08-31T19:08:27,5244
kesultanan_aceh.txt,Kesultanan Aceh,kerajaan_islam,id.wikipedia.org,https://id.wikipedia.org/wiki/kesultanan_aceh,2026-08-31T19:11:17,3297
kesultanan_banten.txt,Kesultanan Banten,kerajaan_islam,id.wikipedia.org,https://id.wikipedia.org/wiki/kesultanan_banten,2026-08-31T19:10:22,7229
kesultanan_cirebon.txt,Kesultanan Cirebon,kerajaan_islam,id.wikipedia.org,https://id.wikipedia.org/wiki/kesultanan_cirebon,2026-08-31T19:10:26,15909
kesultanan_demak.txt,Kesultanan Demak,kerajaan_islam,id.wikipedia.org,https://id.wikipedia.org/wiki/kesultanan_demak,2026-08-31T19:11:14,1333
kesultanan_gowa.txt,Kesultanan Gowa,kerajaan_islam,id.wikipedia.org,https://id.wikipedia.org/wiki/kesultanan_gowa,2026-08-31T19:11:28,1889
kesultanan_mataram.txt,Kesultanan Mataram,kerajaan_islam,id.wikipedia.org,https://id.wikipedia.org/wiki/kesultanan_mataram,2026-08-31T19:11:20,4255
kesultanan_samudera_pasai.txt,Kesultanan Samudera Pasai,kerajaan_islam,id.wikipedia.org,https://id.wikipedia.org/wiki/kesultanan_samudera_pasai,2026-08-31T19:11:22,2508
kesultanan_ternate.txt,Kesultanan Ternate,kerajaan_islam,id.wikipedia.org,https://id.wikipedia.org/wiki/kesultanan_ternate,2026-08-31T19:11:25,2499
majapahit.txt,Majapahit,hindu_buddha,id.wikipedia.org,https://id.wikipedia.org/wiki/majapahit,2026-08-31T19:09:52,13131
manusia_jawa.txt,Manusia Jawa,prasejarah,id.wikipedia.org,https://id.wikipedia.org/wiki/manusia_jawa,2026-08-31T19:08:22,303
maulana_hasanuddin_dari_banten.txt,Maulana Hasanuddin Dari Banten,kerajaan_islam,id.wikipedia.org,https://id.wikipedia.org/wiki/maulana_hasanuddin_dari_banten,2026-08-31T19:18:57,220
medang.txt,Medang,hindu_buddha,id.wikipedia.org,https://id.wikipedia.org/wiki/medang,2026-08-31T19:15:05,6402
pangeran_antasari.txt,Pangeran Antasari,kolonial,id.wikipedia.org,https://id.wikipedia.org/wiki/pangeran_antasari,2026-08-31T19:13:10,932
pattimura.txt,Pattimura,kolonial,id.wikipedia.org,https://id.wikipedia.org/wiki/pattimura,2026-08-31T19:17:30,11707
perang_aceh.txt,Perang Aceh,kolonial,id.wikipedia.org,https://id.wikipedia.org/wiki/perang_aceh,2026-08-31T19:12:19,3571
perang_banjar.txt,Perang Banjar,kolonial,id.wikipedia.org,https://id.wikipedia.org/wiki/perang_banjar,2026-08-31T19:12:14,1039
perang_padri.txt,Perang Padri,kolonial,id.wikipedia.org,https://id.wikipedia.org/wiki/perang_padri,2026-08-31T19:12:12,9394
perusahaan_hindia_timur_belanda.txt,Perusahaan Hindia Timur Belanda,kolonial,id.wikipedia.org,https://id.wikipedia.org/wiki/perusahaan_hindia_timur_belanda,2026-08-31T19:16:24,2409
politik_etis.txt,Politik Etis,kolonial,id.wikipedia.org,https://id.wikipedia.org/wiki/politik_etis,2026-08-31T19:13:14,1488
prasasti_perjanjian_sunda_portugal.txt,Prasasti Perjanjian Sunda Portugal,kolonial,id.wikipedia.org,https://id.wikipedia.org/wiki/prasasti_perjanjian_sunda_portugal,2026-08-31T19:11:37,759
prasejarah_indonesia.txt,Prasejarah Indonesia,prasejarah,id.wikipedia.org,https://id.wikipedia.org/wiki/prasejarah_indonesia,2026-08-31T19:14:24,2125
sejarah_nusantara_pada_era_kerajaan_hindu_buddha.txt,Sejarah Nusantara Pada Era Kerajaan Hindu Buddha,hindu_buddha,id.wikipedia.org,https://id.wikipedia.org/wiki/sejarah_nusantara_pada_era_kerajaan_hindu_buddha,2026-08-31T19:08:26,1945
sejarah_nusantara_pada_era_kerajaan_islam.txt,Sejarah Nusantara Pada Era Kerajaan Islam,kerajaan_islam,id.wikipedia.org,https://id.wikipedia.org/wiki/sejarah_nusantara_pada_era_kerajaan_islam,2026-08-31T19:10:18,1481
singasari.txt,Singasari,hindu_buddha,id.wikipedia.org,https://id.wikipedia.org/wiki/singasari,2026-08-31T19:15:18,2683
sriwijaya.txt,Sriwijaya,hindu_buddha,id.wikipedia.org,https://id.wikipedia.org/wiki/sriwijaya,2026-08-31T19:09:49,6159
sumpah_pemuda.txt,Sumpah Pemuda,kolonial,id.wikipedia.org,https://id.wikipedia.org/wiki/sumpah_pemuda,2026-08-31T19:13:18,607
sunan_gunung_jati.txt,Sunan Gunung Jati,kerajaan_islam,id.wikipedia.org,https://id.wikipedia.org/wiki/sunan_gunung_jati,2026-08-31T19:11:32,928
tarumanagara.txt,Tarumanagara,hindu_buddha,id.wikipedia.org,https://id.wikipedia.org/wiki/tarumanagara,2026-08-31T19:08:27,1549
tirtayasa_dari_banten.txt,Tirtayasa Dari Banten,kerajaan_islam,id.wikipedia.org,https://id.wikipedia.org/wiki/tirtayasa_dari_banten,2026-08-31T19:18:52,1439
wali_sanga.txt,Wali Sanga,kerajaan_islam,id.wikipedia.org,https://id.wikipedia.org/wiki/wali_sanga,2026-08-31T19:11:30,2320
zaman_batu.txt,Zaman Batu,prasejarah,id.wikipedia.org,https://id.wikipedia.org/wiki/zaman_batu,2026-08-31T19:14:30,309
zaman_logam.txt,Zaman Logam,prasejarah,id.wikipedia.org,https://id.wikipedia.org/wiki/zaman_logam,2026-08-31T19:14:36,554
