filename,source_line,label,n_symbols,latin_source
pilot_proklamasi/proklamasi_001.png,1,ᮒᮀ ᮌ ᮜ᮪ <sp> ᮃ ᮌᮥ ᮞ᮪ ᮒᮥ ᮞ᮪ <sp> ᮙᮀ ᮛᮥ ᮕᮤ ᮊᮩ ᮔ᮪ <sp> ᮓᮤ ᮔ᮪ ᮒᮨ ᮔ᮪ <sp> ᮃ ᮔᮥ <sp> ᮘᮨᮁ ᮞᮨ ᮏ ᮛᮂ <sp> ᮕᮤ ᮊᮩ ᮔ᮪ <sp> ᮞ ᮊᮥ ᮙ᮪ ᮔ <sp> ᮛ ᮠ ᮚ ᮒ᮪ <sp> ᮄ ᮔ᮪ ᮓᮧ ᮔᮦ ᮞᮤ ᮃ,49,Tanggal 17 Agustus 1945 mangrupikeun dinten anu bersejarah pikeun sakumna rahayat Indonésia.
pilot_proklamasi/proklamasi_002.png,2,ᮓᮤ ᮔ <sp> ᮕᮧ ᮆ <sp> ᮆ ᮒ <sp> ᮕᮥ ᮔ᮪ ᮎ ᮊ᮪ <sp> ᮒᮤ ᮔ <sp> ᮞ ᮌ ᮜ <sp> ᮌ ᮌ ᮞ ᮔ᮪ <sp> ᮊᮧ ᮔ᮪ ᮞᮦ ᮕ᮪ <sp> ᮞᮁ ᮒ <sp> ᮒᮨ ᮊ ᮓ᮪ <sp> ᮔᮥ <sp> ᮒᮨ ᮌᮥᮂ <sp> ᮒᮤ <sp> ᮕ ᮛ <sp> ᮒᮧ ᮊᮧᮂ <sp> ᮕᮨᮁ ᮏᮥ ᮃ ᮍ ᮔ᮪ <sp> ᮍ ᮏ ᮓᮤ ᮊᮩ ᮔ᮪ <sp> ᮄ ᮔ᮪ ᮓᮧ ᮔᮦ ᮞᮤ ᮃ <sp> ᮘᮤ ᮞ <sp> ᮔᮀ ᮒᮥᮀ <sp> ᮊ ᮜ ᮝ ᮔ᮪ <sp> ᮃ ᮏᮨ ᮌ᮪ <sp> ᮒᮥᮁ <sp> ᮍ ᮕᮢᮧ ᮊᮣ ᮙ ᮞᮤ ᮊᮩ ᮔ᮪ <sp> ᮊ ᮙᮨᮁ ᮓᮤ ᮊ ᮃ ᮔ᮪ ᮔ,102,"Dina poé éta, puncak tina sagala gagasan, konsép, sarta tekad nu teguh ti para tokoh perjuangan ngajadikeun Indonésia bisa nangtung kalawan ajeg tur ngaproklamasikeun kamerdikaanna."
pilot_proklamasi/proklamasi_003.png,3,ᮅᮀ ᮌ ᮜ᮪ <sp> ᮒ ᮅ ᮔ᮪ <sp> ᮅ ᮛᮀ <sp> ᮙᮤ ᮆ ᮜᮤᮀ <sp> ᮕᮧ ᮆ <sp> ᮊ ᮙᮨᮁ ᮓᮦ ᮊ ᮃ ᮔ᮪ <sp> ᮄ ᮔ᮪ ᮓᮧ ᮔᮦ ᮞᮤ ᮃ,31,"Unggal taun, urang miéling Poé Kamerdékaan Indonésia."
pilot_proklamasi/proklamasi_004.png,4,ᮅᮀ ᮌ ᮜ᮪ <sp> ᮒ ᮅ ᮔ᮪ <sp> ᮅ ᮛᮀ <sp> ᮇ ᮌᮦ <sp> ᮓᮤ ᮄ ᮍᮨ ᮒ᮪ ᮊᮩ ᮔ᮪ <sp> ᮊ ᮔ <sp> ᮎ ᮛᮤ ᮒ <sp> ᮎ ᮛᮤ ᮒ <sp> ᮊ ᮕᮂ ᮜ ᮝ ᮔ ᮔ᮪ <sp> ᮞᮁ ᮒ <sp> ᮕᮨᮁ ᮏᮥ ᮃ ᮍ ᮔ᮪ <sp> ᮕᮤ ᮊᮩ ᮔ᮪ <sp> ᮍ ᮠᮧ ᮔ᮪ ᮒ ᮜ᮪ <sp> ᮊ ᮙᮨᮁ ᮓᮤ ᮊ ᮃ ᮔ᮪,64,"Unggal taun, urang ogé diingetkeun kana carita-carita kapahlawanan sarta perjuangan pikeun ngahontal kamerdikaan."
pilot_proklamasi/proklamasi_005.png,5,ᮒ ᮕᮤ <sp> ᮔ ᮇ ᮔ᮪ <sp> ᮕᮨ ᮛ ᮔ᮪ <sp> ᮊᮧ ᮒ <sp> ᮆ ᮒ <sp> ᮞᮁ ᮒ <sp> ᮒᮨ ᮙ᮪ ᮕ ᮒ᮪ <sp> ᮒᮨ ᮙ᮪ ᮕ ᮒ᮪ <sp> ᮓᮤ <sp> ᮏᮨ ᮛᮧ ᮔ <sp> ᮓᮤ ᮔ <sp> ᮊ ᮙᮨᮁ ᮓᮤ ᮊ ᮃ ᮔ᮪ <sp> ᮄ ᮔ᮪ ᮓᮧ ᮔᮦ ᮞᮤ ᮃ,52,"Tapi, naon peran kota éta—sarta tempat-tempat di jerona—dina kamerdikaan Indonésia?"
pilot_proklamasi/proklamasi_006.png,6,ᮓᮤ ᮔ <sp> ᮃᮁ ᮒᮤ ᮊᮨ ᮜ᮪ <sp> ᮠᮥ ᮞᮥ ᮞ᮪ <sp> ᮕᮤ ᮊᮩ ᮔ᮪ <sp> ᮙᮤ ᮆ ᮜᮤᮀ <sp> ᮕᮧ ᮆ <sp> ᮊ ᮙᮨᮁ ᮓᮤ ᮊ ᮃ ᮔ᮪ <sp> ᮄ ᮔ᮪ ᮓᮧ ᮔᮦ ᮞᮤ ᮃ <sp> ᮄ ᮉ <sp> ᮊ ᮙᮤ <sp> ᮘ ᮊ ᮜ᮪ <sp> ᮙ ᮝ <sp> ᮃ ᮔ᮪ ᮏᮩ ᮔ᮪ <sp> ᮘ ᮜᮤ ᮊ᮪ <sp> ᮓᮩ ᮄ <sp> ᮊ <sp> ᮒ ᮅ ᮔ᮪ <sp> ᮕᮤ ᮊᮩ ᮔ᮪ <sp> ᮔᮤ ᮜᮤ ᮊ᮪ <sp> ᮓᮩ ᮄ <sp> ᮊᮧ ᮒ <sp> ᮞᮁ ᮒ <sp> ᮜᮧ ᮊ ᮞᮤ <sp> ᮜᮧ ᮊ ᮞᮤ <sp> ᮓᮤ <sp> ᮏᮨ ᮛᮧ ᮔ <sp> ᮃ ᮔᮥ <sp> ᮏ ᮓᮤ <sp> ᮞ ᮊ᮪ ᮞᮤ <sp> ᮘᮤ ᮞᮥ <sp> ᮊ ᮔ <sp> ᮕᮨᮁ ᮏᮥ ᮃ ᮍ ᮔ᮪ <sp> ᮕ ᮛ <sp> ᮕᮂ ᮜ ᮝ ᮔ᮪,128,"Dina artikel husus pikeun miéling Poé Kamerdikaan Indonésia ieu, kami bakal mawa anjeun balik deui ka taun 1945 pikeun nilik deui kota sarta lokasi-lokasi di jerona anu jadi saksi bisu kana perjuangan para pahlawan."
pilot_proklamasi/proklamasi_007.png,7,ᮒᮥ ᮜᮥ ᮚ᮪ <sp> ᮓᮤ <sp> ᮘ ᮌᮤ ᮃ ᮔ᮪ <sp> ᮃ ᮠᮤᮁ <sp> ᮃᮁ ᮒᮤ ᮊᮨ ᮜ᮪ <sp> ᮄ ᮉ <sp> ᮊ ᮙᮤ <sp> ᮘ ᮊ ᮜ᮪ <sp> ᮙ ᮝ <sp> ᮃ ᮔ᮪ ᮏᮩ ᮔ᮪ <sp> ᮔᮤ ᮍ ᮜᮤ <sp> ᮊ ᮃ ᮚ ᮃ ᮔ᮪ <sp> ᮞᮤ ᮒᮥ ᮞ᮪ <sp> ᮞᮤ ᮒᮥ ᮞ᮪ <sp> ᮞ ᮏ ᮛᮂ <sp> ᮆ ᮒ <sp> ᮊᮤ ᮝ ᮛᮤ,65,"Tuluy, di bagian ahir artikel ieu, kami bakal mawa anjeun ningali kaayaan situs-situs sajarah éta kiwari."
pilot_proklamasi/proklamasi_008.png,8,ᮃ ᮔ᮪ ᮏᮩ ᮔ᮪ <sp> ᮒᮀ ᮒᮧ ᮞ᮪ <sp> ᮝ ᮝᮥᮂ <sp> ᮊ ᮔ <sp> ᮊᮧ ᮒ <sp> ᮛᮨ ᮍ ᮞ᮪ ᮓᮨᮀ ᮊᮣᮧ ᮊ᮪ <sp> ᮃ ᮔᮥ <sp> ᮕᮨ ᮛᮨ ᮔᮂ ᮔ <sp> ᮓᮤ <sp> ᮘᮩ ᮜᮂ <sp> ᮝᮦ ᮒ ᮔ᮪ <sp> ᮞᮁ ᮒ <sp> ᮏ ᮛ ᮊ᮪ ᮔ <sp> ᮊᮤ ᮛ <sp> ᮊᮤ ᮛ <sp> ᮊ᮪ ᮙ᮪ <sp> ᮒᮤ <sp> ᮕᮥ ᮞᮩᮁ <sp> ᮊᮧ ᮒ <sp> ᮏ ᮊᮁ ᮒ,70,"Anjeun tangtos wawuh kana kota Rengasdengklok, anu perenahna di beulah wétan sarta jarakna kira-kira 75 km ti puseur kota Jakarta."
pilot_proklamasi/proklamasi_009.png,9,ᮊᮧ ᮒ <sp> ᮜᮩ ᮒᮤ ᮊ᮪ <sp> ᮄ ᮉ <sp> ᮃ ᮔᮥ <sp> ᮓᮤ ᮜᮤ ᮝ ᮒ ᮔ᮪ <sp> ᮊᮥ <sp> ᮝ ᮜᮥ ᮍ ᮔ᮪ <sp> ᮎᮤ ᮒ ᮛᮥ ᮙ᮪ <sp> ᮘ ᮠᮩ ᮜ ᮔ <sp> ᮙᮀ ᮛᮥ ᮕ <sp> ᮘ ᮌᮤ ᮃ ᮔ᮪ <sp> ᮒᮤ <sp> ᮛᮨ ᮞᮤ ᮓᮨ ᮔ᮪ ᮞᮤ <sp> ᮕᮥᮁ ᮝ ᮊᮁ ᮒ,57,"Kota leutik ieu, anu diliwatan ku Walungan Citarum, baheulana mangrupa bagian ti Residensi Purwakarta."
pilot_proklamasi/proklamasi_010.png,10,ᮃ ᮚᮩ ᮔ <sp> ᮄ ᮉ <sp> ᮒᮦᮂ <sp> ᮞ ᮜᮂ <sp> ᮞ ᮠᮤ ᮏᮤ <sp> ᮊ ᮎ ᮙ ᮒ ᮔ᮪ <sp> ᮓᮤ <sp> ᮊ ᮘᮥ ᮕ ᮒᮦ ᮔ᮪ <sp> ᮊ ᮛ ᮝᮀ <sp> ᮕᮢᮧ ᮗᮤ ᮔ᮪ ᮞᮤ <sp> ᮏ ᮝ <sp> ᮘ ᮛ ᮒ᮪,45,"Ayeuna, ieu téh salah sahiji kacamatan di Kabupatén Karawang, Provinsi Jawa Barat."
pilot_proklamasi/proklamasi_011.png,11,ᮜ ᮙᮥ ᮔ᮪ <sp> ᮓᮤ ᮒᮤ ᮜᮤ ᮊ᮪ <sp> ᮒᮤ ᮔ <sp> ᮙᮧᮁ ᮖᮧ ᮜᮧ ᮌᮤ <sp> ᮊᮧ ᮒ ᮔ <sp> ᮃ ᮚᮩ ᮔ <sp> ᮊᮧ ᮒ <sp> ᮄ ᮉ <sp> ᮙᮤ ᮘ ᮔ᮪ ᮓ <sp> ᮊ ᮛ ᮊ᮪ ᮒᮨᮁ <sp> ᮇᮁ ᮌ ᮔᮤ ᮊ᮪ <sp> ᮞ ᮛᮥ ᮕ <sp> ᮕᮤ ᮞ ᮔ᮪ <sp> ᮏᮩᮀ <sp> ᮊᮧ ᮒ <sp> ᮊᮧ ᮒ <sp> ᮓᮤ <sp> ᮄ ᮔ᮪ ᮓᮧ ᮔᮦ ᮞᮤ ᮃ <sp> ᮅ ᮙᮥ ᮙ᮪ ᮔ,75,"Lamun ditilik tina morfologi kotana ayeuna, kota ieu mibanda karakter organik, sarupa pisan jeung kota-kota di Indonésia umumna."
pilot_proklamasi/proklamasi_012.png,12,ᮔ ᮍᮤᮀ <sp> ᮅ ᮕ ᮙᮤ <sp> ᮓᮤ ᮒᮤ ᮒᮦ ᮔ ᮔ᮪ <sp> ᮜᮀ ᮊᮥᮀ <sp> ᮒᮨ ᮜᮨ ᮘ᮪ <sp> ᮃ ᮚ <sp> ᮞ᮪ ᮒᮢᮥ ᮊ᮪ ᮒᮥᮁ <sp> ᮏ ᮛᮤ ᮍ ᮔ᮪ <sp> ᮏ ᮜ ᮔ᮪ <sp> ᮃ ᮔᮥ <sp> ᮙᮦ ᮛᮦ <sp> ᮎᮤ ᮛᮤ <sp> ᮠ ᮞ᮪ <sp> ᮃ ᮔᮥ <sp> ᮊᮥ ᮃ ᮒ᮪ <sp> ᮊ ᮔ <sp> ᮙᮧᮁ ᮖᮧ ᮜᮧ ᮌᮤ <sp> ᮊᮧ ᮒ <sp> ᮆ ᮒ,69,"Nanging, upami dititénan langkung teleb, aya struktur jaringan jalan anu méré ciri has anu kuat kana morfologi kota éta."
pilot_proklamasi/proklamasi_013.png,13,ᮑ ᮆ ᮒ <sp> ᮏ ᮜᮥᮁ <sp> ᮞ ᮒᮨ ᮍᮂ <sp> ᮘᮥ ᮔ᮪ ᮓᮨ ᮛ ᮔ᮪ <sp> ᮃ ᮔᮥ <sp> ᮍ ᮘᮨ ᮔ᮪ ᮒᮀ <sp> ᮒᮤ <sp> ᮊᮤ ᮓᮥ ᮜ᮪ <sp> ᮊ <sp> ᮝᮦ ᮒ ᮔ᮪ <sp> ᮊ ᮜᮦᮁ <sp> ᮞᮁ ᮒ <sp> ᮕ ᮙᮥ ᮞ᮪ ᮒᮥ ᮍ ᮔ ᮔ <sp> ᮊ <sp> ᮊᮥ ᮜᮧ ᮔ᮪,56,"Nyaéta jalur satengah bunderan anu ngabentang ti kidul ka wétan, kalér, sarta pamustunganana ka kulon."
pilot_proklamasi/proklamasi_014.png,14,ᮝ ᮜᮥ ᮍ ᮔ᮪ <sp> ᮎᮤ ᮒ ᮛᮥ ᮙ᮪ <sp> ᮇ ᮌᮦ <sp> ᮙᮤ ᮘ ᮔ᮪ ᮓ <sp> ᮕᮨ ᮛ ᮔ᮪ <sp> ᮓᮤ ᮔ <sp> ᮕ ᮙᮨ ᮊ ᮛ ᮔ᮪ <sp> ᮄ ᮉ <sp> ᮊᮧ ᮒ <sp> ᮃ ᮔᮥ <sp> ᮎᮧ ᮔ᮪ ᮓᮧᮀ <sp> ᮔᮥ ᮒᮥᮁ ᮊᮩ ᮔ᮪ <sp> ᮕᮧ ᮜ <sp> ᮓ ᮆ ᮛᮂ <sp> ᮃ ᮜᮤ ᮛ ᮔ᮪ <sp> ᮝ ᮜᮥ ᮍ ᮔ ᮔ,66,"Walungan Citarum ogé mibanda peran dina pamekaran ieu kota, anu condong nuturkeun pola daérah aliran walunganana."
pilot_proklamasi/proklamasi_015.png,15,ᮓᮤ <sp> ᮛᮨ ᮍ ᮞ᮪ ᮓᮨᮀ ᮊᮣᮧ ᮊ᮪ <sp> ᮞᮧ ᮈ ᮊᮁ ᮔᮧ <sp> ᮙᮤ ᮙᮤ ᮒᮤ ᮔ <sp> ᮓᮤ ᮘ ᮝ <sp> ᮊ <sp> ᮙᮁ ᮊ ᮞ᮪ <sp> ᮕ ᮞᮥ ᮊ ᮔ᮪ <sp> ᮕᮨ ᮒ <sp> ᮕᮨ ᮙ᮪ ᮘᮨ ᮜ <sp> ᮒ ᮔᮂ <sp> ᮃ ᮄᮁ,47,"Di Rengasdengklok, Soekarno mimitina dibawa ka markas pasukan PETA (Pembela Tanah Air)."
pilot_proklamasi/proklamasi_016.png,16,ᮔ ᮍᮤᮀ <sp> ᮕᮤ ᮊᮩ ᮔ᮪ <sp> ᮑᮤᮀ ᮊ ᮠ ᮔ᮪ <sp> ᮊᮥ ᮙ᮪ ᮕᮥ ᮜ᮪ ᮔ <sp> ᮏ ᮜ᮪ ᮙ <sp> ᮏ ᮜ᮪ ᮙ <sp> ᮃ ᮔᮥ <sp> ᮘᮤ ᮞ <sp> ᮔᮤ ᮙ᮪ ᮘᮥ ᮜ᮪ ᮊᮩ ᮔ᮪ <sp> ᮊ ᮎᮥ ᮛᮤ ᮌ ᮃ ᮔ᮪ <sp> ᮕ ᮞᮥ ᮊ ᮔ᮪ <sp> ᮏᮨ ᮕᮀ <sp> ᮙ ᮛ ᮔᮦᮂ ᮔ <sp> ᮓᮤ ᮘ ᮝ <sp> ᮊ <sp> ᮄ ᮙᮂ <sp> ᮞ ᮅ ᮛᮀ <sp> ᮕ ᮒ ᮔᮤ <sp> ᮒᮤ ᮇᮀ ᮠᮧ ᮃ <sp> ᮔᮥ <sp> ᮍ ᮛ ᮔ᮪ ᮔ <sp> ᮓ᮪ ᮏᮤ ᮃ ᮝ᮪ <sp> ᮊᮤ ᮈ <sp> ᮞᮤ ᮇᮀ,98,"Nanging, pikeun nyingkahan kumpulna jalma-jalma anu bisa nimbulkeun kacurigaan pasukan Jepang, maranéhna dibawa ka imah saurang patani Tionghoa nu ngaranna Djiaw Kie Siong."
pilot_proklamasi/proklamasi_017.png,17,ᮄ ᮉ <sp> ᮄ ᮙᮂ <sp> ᮕᮨ ᮛᮨ ᮔᮂ ᮔ <sp> ᮓᮤ <sp> ᮓᮥ ᮞᮥ ᮔ᮪ <sp> ᮘᮧ ᮏᮧᮀ <sp> ᮞᮁ ᮒ <sp> ᮓᮤ ᮕᮤ ᮜᮤᮂ <sp> ᮜ ᮔ᮪ ᮒ ᮛ ᮔ᮪ <sp> ᮓᮩ ᮊᮩ ᮒ᮪ <sp> ᮊ <sp> ᮝ ᮜᮥ ᮍ ᮔ᮪ <sp> ᮜᮨ ᮌ <sp> ᮞᮁ ᮒ <sp> ᮓᮩ ᮊᮩ ᮒ᮪ <sp> ᮊ <sp> ᮙᮁ ᮊ ᮞ᮪ <sp> ᮕᮨ ᮒ,62,"Ieu imah perenahna di Dusun Bojong sarta dipilih lantaran deukeut ka walungan, lega, sarta deukeut ka markas PETA."
pilot_proklamasi/proklamasi_019.png,19,ᮃᮂ ᮙ ᮓ᮪ <sp> ᮞᮥ ᮘᮁ ᮏᮧ <sp> ᮒᮥ ᮜᮥ ᮚ᮪ <sp> ᮑᮥ ᮞᮥ ᮜ᮪ <sp> ᮞᮧ ᮈ ᮊᮁ ᮔᮧ <sp> ᮏᮩᮀ <sp> ᮠ ᮒ᮪ ᮒ <sp> ᮊ <sp> ᮛᮨ ᮍ ᮞ᮪ ᮓᮨᮀ ᮊᮣᮧ ᮊ᮪ <sp> ᮕᮤ ᮊᮩ ᮔ᮪ <sp> ᮙᮦ ᮛᮦ <sp> ᮏ ᮙᮤ ᮔ ᮔ᮪ <sp> ᮞᮁ ᮒ <sp> ᮍ ᮚ ᮊᮤ ᮔ᮪ ᮊᮩ ᮔ᮪ <sp> ᮌᮧ ᮜᮧ ᮍ ᮔ᮪ <sp> ᮔᮧ ᮔᮧ ᮙ ᮔ᮪ <sp> ᮚᮦ ᮔ᮪ <sp> ᮊ ᮙᮨᮁ ᮓᮤ ᮊ ᮃ ᮔ᮪ <sp> ᮘ ᮊ ᮜ᮪ <sp> ᮌᮩ ᮛ <sp> ᮓᮤ ᮕᮢᮧ ᮊᮣ ᮙ ᮞᮤ ᮊᮩ ᮔ᮪,92,Ahmad Subarjo tuluy nyusul Soekarno jeung Hatta ka Rengasdengklok pikeun méré jaminan sarta ngayakinkeun golongan nonoman yén kamerdikaan bakal geura diproklamasikeun.
pilot_proklamasi/proklamasi_020.png,20,ᮊᮥ <sp> ᮊᮤ ᮒᮥ ᮔ <sp> ᮕ ᮛ <sp> ᮔᮧ ᮔᮧ ᮙ ᮔ᮪ <sp> ᮕᮨ ᮒ <sp> ᮍᮤ ᮓᮤ ᮔ ᮔ᮪ <sp> ᮃᮂ ᮙ ᮓ᮪ <sp> ᮞᮥ ᮘᮁ ᮏᮧ <sp> ᮕᮤ ᮊᮩ ᮔ᮪ <sp> ᮍ ᮏᮨ ᮙ᮪ ᮕᮥ ᮒ᮪ <sp> ᮞᮧ ᮈ ᮊᮁ ᮔᮧ <sp> ᮏᮩᮀ <sp> ᮠ ᮒ᮪ ᮒ <sp> ᮞᮁ ᮒ <sp> ᮙ ᮝ <sp> ᮙ ᮛ ᮔᮦᮂ ᮔ <sp> ᮘ ᮜᮤ ᮊ᮪ <sp> ᮓᮩ ᮄ <sp> ᮊ <sp> ᮏ ᮊᮁ ᮒ,74,"Ku kituna, para nonoman PETA ngidinan Ahmad Subarjo pikeun ngajemput Soekarno jeung Hatta sarta mawa maranéhna balik deui ka Jakarta."
pilot_proklamasi/proklamasi_021.png,21,ᮞ ᮘ ᮓ <sp> ᮙᮥ ᮜᮤᮂ <sp> ᮒᮤ <sp> ᮛᮨ ᮍ ᮞ᮪ ᮓᮨᮀ ᮊᮣᮧ ᮊ᮪ <sp> ᮞᮧ ᮈ ᮊᮁ ᮔᮧ <sp> ᮞ ᮛᮨᮀ <sp> ᮠ ᮒ᮪ ᮒ <sp> ᮔᮨ ᮛ ᮞ᮪ ᮊᮩ ᮔ᮪ <sp> ᮕᮨᮁ ᮏ ᮜ ᮔ ᮔ᮪ <sp> ᮊ <sp> ᮘᮥ ᮙᮤ <sp> ᮞ ᮅ ᮛᮀ <sp> ᮝᮁ ᮌ <sp> ᮏᮨ ᮕᮀ <sp> ᮜ ᮊ᮪ ᮞ ᮙ ᮔ <sp> ᮒ ᮓ ᮞ᮪ ᮠᮤ <sp> ᮙ ᮈ ᮓ <sp> ᮆ ᮒ <sp> ᮘᮥ ᮙᮤ <sp> ᮒᮦᮂ <sp> ᮞ ᮒᮨ ᮛᮥ ᮞ᮪ ᮔ <sp> ᮓᮤ ᮏ ᮓᮤ ᮊᮩ ᮔ᮪ <sp> ᮒᮨ ᮙ᮪ ᮕ ᮒ᮪ <sp> ᮕᮤ ᮊᮩ ᮔ᮪ <sp> ᮍ ᮛᮦᮀ ᮞᮦ ᮊᮩ ᮔ᮪ <sp> ᮔ ᮞ᮪ ᮊᮂ <sp> ᮕᮢᮧ ᮊᮣ ᮙ ᮞᮤ <sp> ᮞ ᮕᮧ ᮆ <sp> ᮞ ᮃ ᮎ ᮔ᮪ <sp> ᮊ ᮙᮨᮁ ᮓᮦ ᮊ ᮃ ᮔ᮪,129,"Sabada mulih ti Rengasdengklok, Soekarno sareng Hatta neraskeun perjalanan ka bumi saurang warga Jepang, Laksamana Tadashi Maeda; éta bumi téh saterusna dijadikeun tempat pikeun ngaréngsékeun naskah proklamasi, sapoé saacan kamerdékaan."
pilot_proklamasi/proklamasi_022.png,22,ᮄ ᮙᮂ <sp> ᮆ ᮒ <sp> ᮓᮤ ᮕᮤ ᮜᮤᮂ <sp> ᮜ ᮔ᮪ ᮒ ᮛ ᮔ᮪ <sp> ᮜ ᮊ᮪ ᮞ ᮙ ᮔ <sp> ᮙᮥ ᮓ <sp> ᮒ ᮓ ᮞ᮪ ᮠᮤ <sp> ᮙ ᮈ ᮓ <sp> ᮍ ᮏ ᮘ ᮒ᮪ <sp> ᮞ ᮜ ᮊᮥ <sp> ᮊᮧ ᮙ ᮔ᮪ ᮓ ᮔ᮪ <sp> ᮕᮀ ᮠᮥ ᮘᮥᮀ <sp> ᮃᮀ ᮊ ᮒ ᮔ᮪ <sp> ᮜ ᮅ ᮒ᮪ <sp> ᮕᮤ ᮊᮩ ᮔ᮪ <sp> ᮕ ᮞᮥ ᮊ ᮔ᮪ <sp> ᮓ ᮛ ᮒ᮪ <sp> ᮞ ᮠᮤᮀ ᮌ <sp> ᮒᮨ ᮙ᮪ ᮕ ᮒ᮪ <sp> ᮒᮤᮀ ᮌ ᮜ᮪ ᮔ <sp> ᮙᮤ ᮘ ᮔ᮪ ᮓ <sp> ᮠ ᮊ᮪ <sp> ᮄ ᮙᮥ ᮔᮤ ᮒ ᮞ᮪ <sp> ᮓᮤ ᮕᮣᮧ ᮙ ᮒᮤ ᮊ᮪,108,"Imah éta dipilih lantaran Laksamana Muda Tadashi Maeda ngajabat salaku komandan panghubung angkatan laut pikeun pasukan darat, sahingga tempat tinggalna mibanda hak imunitas diplomatik."
pilot_proklamasi/proklamasi_023.png,23,ᮞᮀ ᮌᮩ ᮞ᮪ <sp> ᮓᮢ ᮖ᮪ ᮔ <sp> ᮓᮤ ᮞ ᮜᮥ ᮚᮥ ᮃ ᮔ᮪ <sp> ᮞ ᮚᮥ ᮒᮤ <sp> ᮙᮨ ᮜᮤ ᮊ᮪ <sp> ᮍᮨ ᮒᮤ ᮊ᮪ <sp> ᮆ ᮒ <sp> ᮓᮢ ᮖ᮪,32,"Sanggeus drafna disaluyuan, Sayuti Melik ngetik éta draf."
pilot_proklamasi/proklamasi_024.png,24,ᮒᮦ ᮊ᮪ ᮞ᮪ <sp> ᮕᮢᮧ ᮊᮣ ᮙ ᮞᮤ <sp> ᮔᮥ <sp> ᮌᮩ ᮞ᮪ <sp> ᮓᮤ ᮖᮤ ᮔ ᮜᮤ ᮞ ᮞᮤ <sp> ᮓᮤ ᮘ ᮎ ᮊᮩ ᮔ᮪ <sp> ᮊᮥ <sp> ᮞᮧ ᮈ ᮊᮁ ᮔᮧ <sp> ᮓᮤ ᮔ <sp> ᮠᮤ ᮏᮤ <sp> ᮅ ᮕ ᮎ ᮛ <sp> ᮘ ᮞ ᮏ ᮔ᮪ <sp> ᮓᮤ <sp> ᮘᮥ ᮛᮥ ᮃ ᮔ᮪ <sp> ᮄ ᮙᮂ ᮔ <sp> ᮓᮤ <sp> ᮏ ᮜ ᮔ᮪ <sp> ᮕᮨ ᮌᮀ ᮞ ᮃ ᮔ᮪,72,Téks proklamasi nu geus difinalisasi dibacakeun ku Soekarno dina hiji upacara basajan di buruan imahna di Jalan Pegangsaan.
pilot_proklamasi/proklamasi_025.png,25,ᮘᮥ ᮛᮥ ᮃ ᮔ᮪ <sp> ᮄ ᮙᮂ <sp> ᮞᮧ ᮈ ᮊᮁ ᮔᮧ <sp> ᮓᮤ ᮕᮤ ᮜᮤᮂ <sp> ᮏ ᮓᮤ <sp> ᮒᮨ ᮙ᮪ ᮕ ᮒ᮪ <sp> ᮕᮤ ᮊᮩ ᮔ᮪ <sp> ᮙ ᮎ ᮊᮩ ᮔ᮪ <sp> ᮒᮦ ᮊ᮪ ᮞ᮪ <sp> ᮕᮢᮧ ᮊᮣ ᮙ ᮞᮤ <sp> ᮜ ᮔ᮪ ᮒ ᮛ ᮔ᮪ <sp> ᮕᮤ ᮠ ᮊ᮪ <sp> ᮏᮨ ᮕᮀ <sp> ᮌᮩ ᮞ᮪ <sp> ᮑ ᮠᮧ <sp> ᮚᮦ ᮔ᮪ <sp> ᮆ ᮒ <sp> ᮃ ᮎ ᮛ <sp> ᮒᮦᮂ <sp> ᮒ ᮓᮤ ᮔ <sp> ᮓᮤ ᮛ ᮔ᮪ ᮎᮀ <sp> ᮓᮤ <sp> ᮜ ᮕ ᮍ ᮔ᮪ <sp> ᮄ ᮊ ᮓ <sp> ᮃ ᮚ <sp> ᮊ ᮠ ᮛᮤ ᮝᮀ <sp> ᮚᮦ ᮔ᮪ <sp> ᮜ ᮙᮥ ᮔ᮪ <sp> ᮃ ᮎ ᮛ <sp> ᮓᮤ ᮜ ᮊ᮪ ᮞ ᮔ ᮊᮩ ᮔ᮪ <sp> ᮓᮤ <sp> ᮜ ᮕ ᮍ ᮔ᮪ <sp> ᮄ ᮊ ᮓ <sp> ᮕ ᮞᮥ ᮊ ᮔ᮪ <sp> ᮏᮨ ᮕᮀ <sp> ᮘ ᮊ ᮜ᮪ <sp> ᮎ ᮙ᮪ ᮕᮥᮁ <sp> ᮒ ᮍ ᮔ᮪ <sp> ᮕᮤ ᮊᮩ ᮔ᮪ <sp> ᮍ ᮠ ᮜ ᮍ ᮔ ᮔ,162,"Buruan imah Soekarno dipilih jadi tempat pikeun macakeun téks Proklamasi lantaran pihak Jepang geus nyaho yén éta acara téh tadina dirancang di Lapangan Ikada; aya kahariwang yén lamun acara dilaksanakeun di Lapangan Ikada, pasukan Jepang bakal campur tangan pikeun ngahalanganana."
pilot_proklamasi/proklamasi_026.png,26,ᮎ ᮛᮤ ᮒ <sp> ᮓᮤ <sp> ᮜᮥ ᮠᮥᮁ <sp> ᮍ ᮏ ᮊ᮪ <sp> ᮅ ᮛᮀ <sp> ᮕᮤ ᮊᮩ ᮔ᮪ <sp> ᮍ ᮛᮦ ᮔᮥᮀ ᮊᮩ ᮔ᮪ <sp> ᮕᮨ ᮛ ᮔ᮪ <sp> ᮞ᮪ ᮒᮢ ᮒᮨ ᮌᮤ ᮞ᮪ <sp> ᮒᮨ ᮙ᮪ ᮕ ᮒ᮪ <sp> ᮏᮩᮀ <sp> ᮛᮧ ᮠ ᮍ ᮔ᮪ <sp> ᮒᮤ ᮔᮀ ᮒᮥ <sp> ᮓᮤ ᮔ <sp> ᮕᮨᮁ ᮏᮥ ᮃ ᮍ ᮔ᮪ <sp> ᮊ ᮙᮨᮁ ᮓᮤ ᮊ ᮃ ᮔ᮪ <sp> ᮄ ᮔ᮪ ᮓᮧ ᮔᮦ ᮞᮤ ᮃ,74,Carita di luhur ngajak urang pikeun ngarénungkeun peran strategis tempat jeung rohangan tinangtu dina perjuangan kamerdikaan Indonésia.
pilot_proklamasi/proklamasi_027.png,27,ᮒᮤ ᮔ <sp> ᮞ ᮌ ᮜ <sp> ᮒᮨ ᮙ᮪ ᮕ ᮒ᮪ <sp> ᮃ ᮔᮥ <sp> ᮙᮥᮀ ᮊᮤ ᮔ᮪ <sp> ᮆ ᮒ <sp> ᮄ ᮙᮂ <sp> ᮒᮦᮂ <sp> ᮙᮀ ᮛᮥ ᮕ <sp> ᮜᮧ ᮊ ᮞᮤ <sp> ᮞ᮪ ᮒᮢ ᮒᮨ ᮌᮤ ᮞ᮪ <sp> ᮃ ᮔᮥ <sp> ᮓᮤ ᮕᮤ ᮜᮤᮂ <sp> ᮊᮥ <sp> ᮕ ᮛ <sp> ᮕᮨ ᮏᮥ ᮃᮀ <sp> ᮊ ᮙᮨᮁ ᮓᮤ ᮊ ᮃ ᮔ᮪ <sp> ᮕᮤ ᮊᮩ ᮔ᮪ <sp> ᮑᮤ ᮃ ᮕ᮪ ᮊᮩ ᮔ᮪ <sp> ᮊ ᮙᮨᮁ ᮓᮤ ᮊ ᮃ ᮔ᮪ <sp> ᮄ ᮔ᮪ ᮓᮧ ᮔᮦ ᮞᮤ ᮃ,87,"Tina sagala tempat anu mungkin, éta imah téh mangrupa lokasi strategis anu dipilih ku para pejuang kamerdikaan pikeun nyiapkeun kamerdikaan Indonésia."
pilot_proklamasi/proklamasi_028.png,28,ᮕ ᮛ <sp> ᮕᮨ ᮏᮥ ᮃᮀ <sp> ᮠᮨ ᮔ᮪ ᮒᮩ <sp> ᮙᮤ ᮜᮤᮂ <sp> ᮜᮧ ᮊ ᮞᮤ <sp> ᮞᮦ ᮏᮦ ᮔ᮪ <sp> ᮞ ᮕᮨᮁ ᮒᮤ <sp> ᮜ ᮕᮀ <sp> ᮒᮨᮁ ᮘᮥ ᮊ <sp> ᮅ ᮔᮤ ᮗᮨᮁ ᮞᮤ ᮒ ᮞ᮪ <sp> ᮃ ᮒ ᮝ <sp> ᮞ᮪ ᮒ ᮞᮤ ᮅ ᮔ᮪ <sp> ᮛ ᮓᮤ ᮇ <sp> ᮞ ᮘ ᮘ᮪ <sp> ᮄ ᮙᮂ <sp> ᮒᮦᮂ <sp> ᮙᮀ ᮛᮥ ᮕ <sp> ᮒᮨ ᮙ᮪ ᮕ ᮒ᮪ <sp> ᮕᮢᮤ ᮘ ᮓᮤ <sp> ᮃ ᮔᮥ <sp> ᮏ ᮅᮂ <sp> ᮒᮤ ᮔ <sp> ᮊ ᮛ ᮙᮨ ᮃ ᮔ᮪ <sp> ᮞᮁ ᮒ <sp> ᮊ ᮞᮤ ᮘᮥ ᮊ ᮔ᮪ <sp> ᮊ ᮠᮤ ᮛᮥ ᮕ ᮔ᮪ <sp> ᮞ ᮕᮧ ᮕᮧ ᮆ <sp> ᮓᮤ <sp> ᮊᮧ ᮒ,115,"Para pejuang henteu milih lokasi séjén—saperti lapang terbuka, universitas, atawa stasiun radio—sabab imah téh mangrupa tempat pribadi anu jauh tina karamean sarta kasibukan kahirupan sapopoé di kota."
pilot_proklamasi/proklamasi_029.png,29,ᮠ ᮜ᮪ <sp> ᮄ ᮉ <sp> ᮍ ᮙᮥᮀ ᮊᮤ ᮔ᮪ ᮊᮩ ᮔ᮪ <sp> ᮕ ᮛ <sp> ᮕᮨ ᮏᮥ ᮃᮀ <sp> ᮊ ᮙᮨᮁ ᮓᮦ ᮊ ᮃ ᮔ᮪ <sp> ᮕᮤ ᮊᮩ ᮔ᮪ <sp> ᮍᮥ ᮙ᮪ ᮕᮥ ᮜ᮪ <sp> ᮞᮁ ᮒ <sp> ᮑᮤ ᮃ ᮕ᮪ ᮊᮩ ᮔ᮪ <sp> ᮊ ᮙᮨᮁ ᮓᮦ ᮊ ᮃ ᮔ᮪ <sp> ᮒ ᮔ᮪ ᮕ <sp> ᮊᮥ ᮓᮥ <sp> ᮠ ᮛᮤ ᮝᮀ <sp> ᮒᮩ ᮄᮀ <sp> ᮘ ᮊ ᮜ᮪ <sp> ᮔᮤ ᮙ᮪ ᮘᮥ ᮜ᮪ ᮊᮩ ᮔ᮪ <sp> ᮊ ᮎᮥ ᮛᮤ ᮌ ᮃ ᮔ᮪ <sp> ᮕᮤ ᮠ ᮊ᮪ <sp> ᮏᮨ ᮕᮀ,90,Hal ieu ngamungkinkeun para pejuang kamerdékaan pikeun ngumpul sarta nyiapkeun kamerdékaan tanpa kudu hariwang teuing bakal nimbulkeun kacurigaan pihak Jepang.
pilot_proklamasi/proklamasi_030.png,30,ᮙᮥ ᮌᮤ ᮃ <sp> ᮝ ᮝ ᮞ ᮔ᮪ <sp> ᮅ ᮛᮀ <sp> ᮒᮨ ᮛᮥ ᮞ᮪ <sp> ᮍ ᮜᮨ ᮌ ᮃ ᮔ᮪,21,Mugia wawasan urang terus ngalegaan.
pilot_proklamasi/proklamasi_031.png,31,ᮚᮦ ᮔ᮪ <sp> ᮛᮧ ᮠ ᮍ ᮔ᮪ <sp> ᮏᮩᮀ <sp> ᮒᮨ ᮙ᮪ ᮕ ᮒ᮪ <sp> ᮒᮨ ᮙ᮪ ᮕ ᮒ᮪ <sp> ᮓᮤ <sp> ᮏᮨ ᮛᮧ <sp> ᮊᮧ ᮒ <sp> ᮙᮤ ᮘ ᮔ᮪ ᮓ <sp> ᮕᮨ ᮛ ᮔ᮪ <sp> ᮕᮨ ᮔ᮪ ᮒᮤᮀ <sp> ᮓᮤ ᮔ <sp> ᮑᮥ ᮙ᮪ ᮘᮀ <sp> ᮊ ᮔ <sp> ᮊ ᮙᮨᮁ ᮓᮤ ᮊ ᮃ ᮔ᮪ <sp> ᮄ ᮔ᮪ ᮓᮧ ᮔᮦ ᮞᮤ ᮃ,64,yén rohangan jeung tempat-tempat di jero kota mibanda peran penting dina nyumbang kana kamerdikaan Indonésia
pilot_proklamasi/proklamasi_032.png,32,ᮍ ᮜᮀ ᮊᮥ ᮍ ᮔ᮪ <sp> ᮊ ᮏᮤ ᮃ ᮔ᮪ <sp> ᮞ ᮏ ᮛᮂ <sp> ᮆ ᮒ,17,Ngalangkungan kajian sajarah éta
pilot_proklamasi/proklamasi_033.png,33,ᮞ ᮜ ᮊᮥ <sp> ᮕᮨ ᮛᮨ ᮔ᮪ ᮎ ᮔ <sp> ᮅ ᮛᮀ <sp> ᮊᮨ ᮓᮂ <sp> ᮜᮀ ᮊᮥᮀ <sp> ᮝᮤ ᮏ ᮊ᮪ ᮞ ᮔ <sp> ᮓᮤ ᮔ <sp> ᮍ ᮛᮨ ᮔ᮪ ᮎ ᮔ ᮊᮩ ᮔ᮪ <sp> ᮊᮧ ᮒ <sp> ᮊᮧ ᮒ <sp> ᮓᮤ <sp> ᮄ ᮔ᮪ ᮓᮧ ᮔᮦ ᮞᮤ ᮃ <sp> ᮞᮥ ᮕ ᮓᮧ ᮞ᮪ <sp> ᮠᮨ ᮔ᮪ ᮒᮩ <sp> ᮊ ᮜᮩ ᮍᮤ ᮒ ᮔ᮪ <sp> ᮃ ᮏᮦ ᮔ᮪ <sp> ᮄ ᮔ ᮏᮦ ᮔ᮪ <sp> ᮞ ᮏ ᮛᮂ ᮔ,79,"Salaku perencana, urang kedah langkung wijaksana dina ngarencanakeun kota-kota di Indonésia supados henteu kaleungitan ajén-inajén sajarahna."
pilot_proklamasi/proklamasi_034.png,34,ᮞ ᮏ ᮛᮂ <sp> ᮙᮀ ᮛᮥ ᮕᮤ ᮊᮩ ᮔ᮪ <sp> ᮞ ᮜᮂ <sp> ᮞ ᮠᮤ ᮏᮤ <sp> ᮃ ᮞ᮪ ᮕᮦ ᮊ᮪ <sp> ᮕᮨ ᮔ᮪ ᮒᮤᮀ <sp> ᮃ ᮔᮥ <sp> ᮊᮨ ᮓᮂ <sp> ᮓᮤ ᮕᮨᮁ ᮒᮤ ᮙ᮪ ᮘᮀ ᮊᮩ ᮔ᮪ <sp> ᮊᮥ <sp> ᮕᮨ ᮛᮨ ᮔ᮪ ᮎ ᮔ <sp> ᮔ ᮜᮤ ᮊ <sp> ᮍ ᮛ ᮔ᮪ ᮎᮀ <sp> ᮊᮧ ᮒ,59,Sajarah mangrupikeun salah sahiji aspék penting anu kedah dipertimbangkeun ku perencana nalika ngarancang kota.
pilot_proklamasi/proklamasi_035.png,35,ᮃ ᮞ᮪ ᮕᮦ ᮊ᮪ <sp> ᮞ ᮏ ᮛᮂ <sp> ᮃ ᮔᮥ <sp> ᮘᮤ ᮞ <sp> ᮓᮤ ᮒᮤ ᮒᮦ ᮔ ᮔ᮪ <sp> ᮒᮤ ᮔ <sp> ᮎ ᮛᮤ ᮒ <sp> ᮍᮩ ᮔ ᮃ ᮔ᮪ <sp> ᮕᮨᮁ ᮞᮤ ᮃ ᮕ ᮔ᮪ <sp> ᮊ ᮙᮨᮁ ᮓᮤ ᮊ ᮃ ᮔ᮪ <sp> ᮃ ᮔᮥ <sp> ᮓᮤ ᮕᮨ ᮓᮁ <sp> ᮓᮤ <sp> ᮜᮥ ᮠᮥᮁ <sp> ᮒᮦᮂ <sp> ᮓᮤ <sp> ᮃ ᮔ᮪ ᮒ ᮛ ᮔ <sp> ᮑ ᮆ ᮒ <sp> ᮜᮧ ᮊ ᮞᮤ <sp> ᮄ ᮙᮂ <sp> ᮓ᮪ ᮏᮤ ᮃ ᮝ᮪ <sp> ᮊᮤ ᮈ <sp> ᮞᮤ ᮇᮀ,89,Aspék sajarah anu bisa dititénan tina carita ngeunaan persiapan kamerdikaan anu dipedar di luhur téh di antarana nyaéta lokasi imah Djiaw Kie Siong.
pilot_proklamasi/proklamasi_036.png,36,ᮌᮩ ᮞ᮪ <sp> ᮝ ᮊ᮪ ᮒᮥ ᮔ <sp> ᮕᮤ ᮊᮩ ᮔ᮪ <sp> ᮕ ᮛ <sp> ᮕᮨ ᮛᮨ ᮔ᮪ ᮎ ᮔ <sp> ᮞᮀ ᮊ ᮔ᮪ <sp> ᮘᮨᮁ ᮒᮤ ᮔ᮪ ᮓ ᮊ᮪ <sp> ᮜᮩ ᮝᮤᮂ <sp> ᮝᮤ ᮏ ᮊ᮪ ᮞ ᮔ <sp> ᮊᮥ <sp> ᮎ ᮛ <sp> ᮍ ᮛ ᮔ᮪ ᮎᮀ <sp> ᮊᮧ ᮒ <sp> ᮃ ᮔᮥ <sp> ᮍ ᮌ ᮙ᮪ ᮘᮁ ᮊᮩ ᮔ᮪ <sp> ᮞ ᮏ ᮛᮂ <sp> ᮕᮨ ᮔ᮪ ᮒᮤᮀ ᮔ,71,Geus waktuna pikeun para perencana sangkan bertindak leuwih wijaksana ku cara ngarancang kota anu ngagambarkeun sajarah pentingna.
pilot_proklamasi/proklamasi_037.png,37,ᮃ ᮔ᮪ ᮒᮥ ᮊ᮪ ᮔ <sp> ᮔ ᮇ ᮔ᮪ <sp> ᮃ ᮔᮥ <sp> ᮊᮩᮁ <sp> ᮓᮤ ᮛᮨ ᮔ᮪ ᮎ ᮔ ᮊᮩ ᮔ᮪ <sp> ᮊᮥ <sp> ᮅ ᮛᮀ <sp> ᮃ ᮚᮩ ᮔ <sp> ᮒᮦᮂ <sp> ᮘ ᮊ ᮜ᮪ <sp> ᮏ ᮓᮤ <sp> ᮞ ᮏ ᮛᮂ <sp> ᮇ ᮌᮦ <sp> ᮠᮤ ᮏᮤ <sp> ᮠ ᮜ᮪ <sp> ᮃ ᮔᮥ <sp> ᮘᮤ ᮞ <sp> ᮓᮤ ᮏ ᮓᮤ ᮊᮩ ᮔ᮪ <sp> ᮕ ᮜ ᮏ ᮛ ᮔ᮪ <sp> ᮕᮤ ᮊᮩ ᮔ᮪ <sp> ᮙᮀ ᮞ <sp> ᮔᮥ <sp> ᮘ ᮊ ᮜ᮪ <sp> ᮓ ᮒᮀ,87,"Antukna, naon anu keur direncanakeun ku urang ayeuna téh bakal jadi sajarah ogé—hiji hal anu bisa dijadikeun palajaran pikeun mangsa nu bakal datang."
